community_id,rank_by_size,size,internal_edges,outgoing_edges,incoming_edges,density,conductance_out,unicamp_count,unicamp_fraction,mean_year,pagerank_sum,pagerank_mean,external_citations_received,incoming_source_communities,influence_score,representative_openalex_id,representative_title,top_subfields,top_institutions,top_venues,subfield_entropy,institution_entropy,venue_entropy
0,1,5739,59287,10429,10918,0.0018003738918060531,0.14959263296804176,61,0.010629029447638962,2017.4149326805386,0.11681890150608594,2.035527121555775e-05,10918,35,2.841792877478408,W2163605009,ImageNet classification with deep convolutional neural networks,Computer Vision and Pattern Recognition (4222); Artificial Intelligence (3213); Signal Processing (512); Biomedical Engineering (342); Media Technology (304),Chinese Academy of Sciences (243); Tsinghua University (226); University of Chinese Academy of Sciences (169); Google (United States) (134); Carnegie Mellon University (133),IEEE Transactions on Pattern Analysis and Machine Intelligence (255); Proceedings of the AAAI Conference on Artificial Intelligence (171); IEEE Transactions on Image Processing (163); IEEE Access (133); Pattern Recognition (126),3.3292483445087613,9.682758083447057,7.216548915409275
1,2,4122,24053,7969,8878,0.0014159849887812638,0.24886015864093436,177,0.04294032023289665,2008.3150485436893,0.09474954552247414,2.298630410540372e-05,8878,32,2.200851041592891,W2130259898,Low-dimensional procedure for the characterization of human faces,Computer Vision and Pattern Recognition (3063); Artificial Intelligence (1249); Signal Processing (829); Media Technology (368); Information Systems (343),Universidade Estadual de Campinas (UNICAMP) (177); Carnegie Mellon University (89); Universidade de São Paulo (85); Microsoft (United States) (80); Microsoft Research Asia (China) (77),Pattern Recognition (153); IEEE Transactions on Pattern Analysis and Machine Intelligence (153); IEEE Transactions on Visualization and Computer Graphics (144); IEEE Transactions on Image Processing (87); International Journal of Computer Vision (73),3.715517358678061,9.739676936349756,7.607333604389864
2,3,3151,26865,4013,2945,0.002706623747563132,0.12996308051039576,87,0.027610282450015868,2016.0133375674818,0.06760351616631424,2.14546227122546e-05,2945,28,0.943538205186242,W2147118406,OpenFlow,Computer Networks and Communications (2938); Electrical and Electronic Engineering (999); Artificial Intelligence (567); Information Systems (482); Signal Processing (180),Universidade Estadual de Campinas (UNICAMP) (87); Princeton University (74); Beijing University of Posts and Telecommunications (60); Stanford University (55); Tsinghua University (49),IEEE Access (134); IEEE Transactions on Network and Service Management (126); Computer Networks (112); IEEE Communications Surveys & Tutorials (83); IEEE Communications Magazine (79),2.5922299160750897,9.991962389636623,6.919334994264113
3,4,3065,19191,4647,2764,0.002043517520732263,0.19494085074251197,105,0.03425774877650897,2015.2920065252854,0.05277490917006665,1.7218567429059265e-05,2764,32,0.876487834869056,W2119565742,The Google file system,Computer Networks and Communications (2603); Information Systems (1774); Artificial Intelligence (534); Electrical and Electronic Engineering (462); Computer Vision and Pattern Recognition (331),Universidade Estadual de Campinas (UNICAMP) (105); The University of Melbourne (80); Beijing University of Posts and Telecommunications (42); Huazhong University of Science and Technology (39); TU Wien (34),Future Generation Computer Systems (121); IEEE Access (117); IEEE Internet of Things Journal (97); Journal of Network and Computer Applications (57); IEEE Communications Surveys & Tutorials (56),3.046571989675398,10.244362930755809,7.470343119833045
4,5,3062,13950,4812,7691,0.0014883521242679068,0.2564758554525104,122,0.039843239712606136,2010.7172278522394,0.06045285312332381,1.9742930477898044e-05,7691,32,1.628681702795295,W2087347434,A training algorithm for optimal margin classifiers,Artificial Intelligence (2333); Information Systems (720); Computer Networks and Communications (657); Computer Vision and Pattern Recognition (621); Signal Processing (480),Universidade Estadual de Campinas (UNICAMP) (122); AT&T (United States) (38); Centre National de la Recherche Scientifique (37); Stanford University (37); Nanyang Technological University (35),Neurocomputing (80); Expert Systems with Applications (73); Information Sciences (51); IEEE Access (47); Applied Soft Computing (46),3.799430527407736,10.283932138225095,8.397022770534253
5,6,2931,22352,2922,4418,0.0026027529655337843,0.11561288280446308,130,0.04435346298191743,2007.0825938566552,0.06656510722395714,2.2710715531885754e-05,4418,32,1.264101946448883,W4211007335,Fuzzy sets,Artificial Intelligence (2541); Computational Theory and Mathematics (673); Control and Systems Engineering (462); Statistics and Probability (365); Management Science and Operations Research (329),Universidade Estadual de Campinas (UNICAMP) (130); Universidad de Granada (100); University of Alberta (85); University of Southern California (78); Polish Academy of Sciences (52),IEEE Transactions on Fuzzy Systems (270); Information Sciences (163); Fuzzy Sets and Systems (145); IEEE Transactions on Neural Networks (80); Applied Soft Computing (77),3.4939638960451505,9.562759856113995,7.046895177186223
6,7,2479,8657,808,997,0.0014092550141120846,0.08536714210248283,47,0.018959257765227916,2002.7120355411955,0.04522002255569559,1.8241235399635172e-05,997,30,0.4809463703351146,W3022136271,The Algebraic Eigenvalue Problem,"Computational Theory and Mathematics (2066); Numerical Analysis (928); Computational Mechanics (481); Atomic and Molecular Physics, and Optics (453); Artificial Intelligence (285)","Stanford University (64); University of California, Berkeley (52); University of Manchester (50); Universidade Estadual de Campinas (UNICAMP) (47); KU Leuven (41)",Linear Algebra and its Applications (289); SIAM Journal on Matrix Analysis and Applications (174); Journal of Computational and Applied Mathematics (100); SIAM Journal on Scientific Computing (93); Numerische Mathematik (78),3.763774716883112,9.15672083107311,6.53263121222816
7,8,2229,11739,897,346,0.002363773435366835,0.07098765432098765,50,0.02243158366980709,2013.2220726783312,0.041049015140988424,1.8415888353965197e-05,346,22,0.07181945857420234,W2080653934,A computational procedure for determining energetically favorable binding sites on biologically important macromolecules,Computational Theory and Mathematics (2169); Molecular Biology (1459); Organic Chemistry (407); Pharmacology (400); Materials Chemistry (399),"Centre National de la Recherche Scientifique (54); Universidade Estadual de Campinas (UNICAMP) (50); Chinese Academy of Sciences (36); University of California San Diego (34); University of California, San Francisco (28)",Journal of Chemical Information and Modeling (329); Journal of Medicinal Chemistry (115); Journal of Computer-Aided Molecular Design (108); Nucleic Acids Research (58); Journal of Computational Chemistry (57),3.234940150644045,10.223184388194078,6.610445620837943
8,9,2211,24272,237,163,0.004967347548559138,0.009669917173283284,82,0.0370872908186341,2009.254191209787,0.0499632502706019,2.259758040280502e-05,163,19,0.052834620518682936,W2101088258,Quantum computational networks,"Artificial Intelligence (2188); Atomic and Molecular Physics, and Optics (1926); Computational Theory and Mathematics (175); Statistical and Nonlinear Physics (128); Electrical and Electronic Engineering (49)",Universidade Estadual de Campinas (UNICAMP) (82); University of Science and Technology of China (66); Imperial College London (63); Chinese Academy of Sciences (51); Institute of Physics (44),"Physical Review A (579); Physical Review Letters (273); Physical review. A/Physical review, A (116); Quantum Information Processing (98); International Journal of Theoretical Physics (59)",1.6851381106119379,9.142393933223632,5.107275696630895
9,10,2082,11910,1107,1965,0.002748900093753419,0.08504263655220097,28,0.013448607108549471,2005.5763688760808,0.05199966146870044,2.49758220310761e-05,1965,30,0.6922409219392337,W2103504761,The Laplacian Pyramid as a Compact Image Code,Computer Vision and Pattern Recognition (1920); Signal Processing (769); Media Technology (321); Artificial Intelligence (236); Computational Mechanics (195),Rensselaer Polytechnic Institute (51); University of California San Diego (43); Stanford University (43); École Polytechnique Fédérale de Lausanne (42); University of Illinois Urbana-Champaign (37),"IEEE Transactions on Image Processing (215); IEEE Transactions on Circuits and Systems for Video Technology (102); IEEE Transactions on Signal Processing (67); Proceedings of SPIE, the International Society for Optical Engineering/Proceedings of SPIE (57); Signal Processing (39)",2.8349482879197594,9.418502877004437,6.851936295621553
10,11,1637,9295,2539,2480,0.003470702713682522,0.2145512928849079,119,0.07269395235186317,2006.2047677261614,0.03943316715704306,2.4088678776446583e-05,2480,32,0.6777082430397076,W2133155955,Scale-space filtering: A new approach to multi-scale description,Computer Vision and Pattern Recognition (1239); Artificial Intelligence (493); Computer Graphics and Computer-Aided Design (191); Computational Mechanics (158); Computational Theory and Mathematics (146),Universidade Estadual de Campinas (UNICAMP) (119); University of Pennsylvania (69); Centre National de la Recherche Scientifique (48); Universidade de São Paulo (28); Siemens (United States) (25),"IEEE Transactions on Pattern Analysis and Machine Intelligence (84); IEEE Transactions on Image Processing (50); IEEE Transactions on Medical Imaging (50); Proceedings of SPIE, the International Society for Optical Engineering/Proceedings of SPIE (47); Pattern Recognition (43)",3.772090899256299,9.391183394464173,7.0459208731149525
11,12,1589,22518,1138,1375,0.008923914887141287,0.04810618870476835,62,0.03901825047199497,2011.213341724355,0.02931272464500705,1.8447277938959755e-05,1375,29,0.30592706279516807,W2078206416,<i>The Fractal Geometry of Nature</i>,Artificial Intelligence (1561); Media Technology (752); Environmental Engineering (576); Geophysics (352); Mechanical Engineering (328),China University of Geosciences (136); China University of Geosciences (Beijing) (94); Geological Survey of Canada (67); Amirkabir University of Technology (67); Universidade Estadual de Campinas (UNICAMP) (62),Ore Geology Reviews (159); Journal of Geochemical Exploration (142); Natural Resources Research (134); Computers & Geosciences (49); Arabian Journal of Geosciences (47),3.267341805438284,8.58036548256195,6.249896274794119
12,13,1579,6671,636,639,0.0026773294291119742,0.08703982482550979,104,0.06586447118429385,2004.3869537682078,0.027071206547107603,1.714452599563496e-05,639,23,-0.023405402974720452,W2094382938,SELECT—a formal system for testing and debugging programs by symbolic execution,Information Systems (1014); Software (652); Artificial Intelligence (650); Computer Networks and Communications (571); Hardware and Architecture (165),Universidade Estadual de Campinas (UNICAMP) (104); Lancaster University (39); Carnegie Mellon University (39); Pontifical Catholic University of Rio de Janeiro (35); Newcastle University (35),IEEE Transactions on Software Engineering (112); Information and Software Technology (54); Journal of Systems and Software (44); Communications of the ACM (26); ACM SIGSOFT Software Engineering Notes (26),3.203548433042709,9.041494772321538,6.817442313052812
13,14,1529,6434,1183,1719,0.002753913004769911,0.1553104896941053,30,0.01962066710268149,2002.859947643979,0.03385376285860664,2.2141113707394795e-05,1719,32,0.5085908003535082,W1970026646,The String-to-String Correction Problem,Artificial Intelligence (1102); Computer Vision and Pattern Recognition (502); Molecular Biology (297); Computational Theory and Mathematics (289); Signal Processing (218),University of Bern (36); Universidade Estadual de Campinas (UNICAMP) (30); Purdue University West Lafayette (26); Carnegie Mellon University (23); Massachusetts Institute of Technology (22),Pattern Recognition (57); IEEE Transactions on Pattern Analysis and Machine Intelligence (44); Theoretical Computer Science (31); Pattern Recognition Letters (25); Information Processing Letters (22),3.5641235328185368,9.25368956343097,7.655506319659154
14,15,1383,6969,761,1347,0.0036461979400472765,0.09844760672703752,71,0.05133767172812726,2007.7389732465654,0.03544109925352217,2.5626246748750665e-05,1347,28,0.34205539813302116,W1981663184,The Art of Computer Programming. Volume 2: Seminumerical Algorithms.,Computer Networks and Communications (903); Artificial Intelligence (589); Information Systems (307); Electrical and Electronic Engineering (266); Computer Vision and Pattern Recognition (146),"Universidade Estadual de Campinas (UNICAMP) (71); University of Waterloo (38); University of California, Berkeley (29); Massachusetts Institute of Technology (29); IBM (United States) (25)",IEEE Transactions on Computers (38); IEEE Transactions on Wireless Communications (22); IEEE Access (21); IEEE Transactions on Information Theory (21); IEEE Transactions on Communications (20),3.0371022673964405,9.180551113623089,7.23646014151911
15,16,1227,4525,955,808,0.00300803960906786,0.17427007299270073,40,0.032599837000814993,2006.916870415648,0.02472496957620874,2.015074945086287e-05,808,26,0.07284267489733749,W2113638573,Multiple emitter location and signal parameter estimation,Signal Processing (1065); Computational Mechanics (396); Artificial Intelligence (277); Computer Vision and Pattern Recognition (193); Cognitive Neuroscience (137),Centre National de la Recherche Scientifique (54); Universidade Estadual de Campinas (UNICAMP) (40); KU Leuven (30); Télécom Paris (25); Massachusetts Institute of Technology (21),IEEE Transactions on Signal Processing (121); Signal Processing (96); IEEE Signal Processing Letters (36); IEEE Transactions on Audio Speech and Language Processing (36); IEEE/ACM Transactions on Audio Speech and Language Processing (32),3.473765416318017,9.10949425876866,6.392791348001708
16,17,1139,4847,600,552,0.0037394439978336376,0.11015237745548008,53,0.046532045654082525,2007.0553116769095,0.020787780135330225,1.8250904420834262e-05,552,24,-0.07679945467005099,W2077770566,On the Complexity of Finite Sequences,Hardware and Architecture (956); Computer Networks and Communications (744); Artificial Intelligence (196); Electrical and Electronic Engineering (156); Information Systems (147),Universidade Estadual de Campinas (UNICAMP) (53); Carnegie Mellon University (47); Intel (United States) (47); Stanford University (38); Princeton University (37),ACM Transactions on Architecture and Code Optimization (25); ACM SIGPLAN Notices (25); IEEE Transactions on Computer-Aided Design of Integrated Circuits and Systems (23); ACM SIGARCH Computer Architecture News (20); IEEE Transactions on Computers (14),2.7676194588901666,8.213903722612217,6.5627166208090655
17,18,1024,12766,3081,947,0.01218650720918866,0.1944216570959803,28,0.02734375,2014.8544921875,0.015849311086746514,1.5477842858150893e-05,947,21,-0.1853061610832992,W2136666231,<title>Live face detection based on the analysis of Fourier spectra</title>,Signal Processing (931); Computer Vision and Pattern Recognition (675); Information Systems (360); Safety Research (156); Genetics (131),Michigan State University (51); Chinese Academy of Sciences (46); University of Oulu (45); Institute of Automation (30); Idiap Research Institute (29),IEEE Transactions on Information Forensics and Security (93); Pattern Recognition (50); IEEE Access (32); IEEE Transactions on Pattern Analysis and Machine Intelligence (31); Pattern Recognition Letters (30),2.818943942652811,8.566975095373051,6.153229964817611
18,19,781,4918,955,1014,0.008073147509767228,0.16260854759066917,27,0.034571062740076826,2011.1318822023047,0.02059068757797119,2.6364516745161577e-05,1014,24,-0.017316440151115903,W2123845384,Space/time trade-offs in hash coding with allowable errors,Computer Networks and Communications (727); Artificial Intelligence (152); Materials Chemistry (83); Electrical and Electronic Engineering (73); Hardware and Architecture (67),"Universidade Estadual de Campinas (UNICAMP) (27); Carnegie Mellon University (23); University of California, Berkeley (22); Tsinghua University (20); University of Cambridge (15)",Computer Networks (23); ACM SIGCOMM Computer Communication Review (23); IEEE/ACM Transactions on Networking (21); Computer Communications (20); IEEE Access (18),2.614519041177525,8.599724332930027,6.358620690028251
19,20,720,1805,209,229,0.0034867099366403956,0.10377358490566038,58,0.08055555555555556,2010.4569444444444,0.01770081740342977,2.458446861587468e-05,229,21,-0.25913133980428477,W2104820473,Supporting real-time applications in an Integrated Services Packet Network,Human-Computer Interaction (278); Computer Science Applications (163); Information Systems (145); Computer Networks and Communications (145); Artificial Intelligence (129),Universidade Estadual de Campinas (UNICAMP) (58); Eindhoven University of Technology (16); Carnegie Mellon University (16); University of Washington (14); University of Michigan (13),ACM Transactions on Computer-Human Interaction (17); Communications of the ACM (13); IEEE/ACM Transactions on Networking (13); ACM Transactions on Computing Education (12); Computers in Human Behavior (10),4.578349693808665,8.880677949274174,7.256392109751362
20,21,712,3029,120,150,0.005983422620458604,0.03810733566211496,69,0.09691011235955056,1998.706047819972,0.01141393510961305,1.6030807738220576e-05,150,21,-0.3454593092711569,W2135287414,A formulae-as-type notion of control,Artificial Intelligence (628); Computational Theory and Mathematics (529); Computer Networks and Communications (49); Management Science and Operations Research (30); Hardware and Architecture (26),Universidade Estadual de Campinas (UNICAMP) (69); Tel Aviv University (23); Institut national de recherche en informatique et en automatique (19); Université Paris Cité (17); Carnegie Mellon University (15),Studia Logica (49); Journal of Symbolic Logic (37); Logic Journal of IGPL (25); Theoretical Computer Science (23); Journal of Logic and Computation (20),2.241336001331933,7.899648138684241,6.337894035195962
21,22,685,6656,2085,640,0.014205830878900413,0.23853106051939138,29,0.042335766423357665,2015.2131386861313,0.011206905778730925,1.636044639230792e-05,640,25,-0.1464934332884176,W2085261163,Random sample consensus,Computer Vision and Pattern Recognition (646); Media Technology (202); Biophysics (106); Artificial Intelligence (77); Law (53),Universidade Estadual de Campinas (UNICAMP) (29); Chinese Academy of Sciences (23); Politecnico di Milano (19); University of Florence (17); Shenzhen University (17),"IEEE Transactions on Information Forensics and Security (73); Multimedia Tools and Applications (41); Journal of Visual Communication and Image Representation (19); IEEE Access (16); Proceedings of SPIE, the International Society for Optical Engineering/Proceedings of SPIE (16)",2.760793069638921,8.486983355992344,5.99685571549789
22,23,676,2978,224,275,0.006526408064869604,0.06995627732667083,56,0.08284023668639054,2005.3136094674555,0.01220067530946279,1.804833625660176e-05,275,16,-0.48906051669981193,W2106403318,Linear network coding,Electrical and Electronic Engineering (493); Computer Networks and Communications (457); Artificial Intelligence (272); Computational Theory and Mathematics (105); Discrete Mathematics and Combinatorics (56),"Universidade Estadual de Campinas (UNICAMP) (56); Massachusetts Institute of Technology (24); Chinese University of Hong Kong (21); University of Toronto (18); University of California, Berkeley (17)",IEEE Transactions on Information Theory (152); IEEE Transactions on Wireless Communications (43); IEEE Transactions on Communications (34); IEEE Transactions on Vehicular Technology (34); IEEE Communications Letters (22),2.8036103034116993,8.180227505860385,5.10778133406356
23,24,622,3320,768,400,0.008595202220254646,0.18786692759295498,26,0.04180064308681672,2014.7363344051446,0.010472128309006014,1.683621914631192e-05,400,16,-0.4931513430101095,W2350778671,Usenix Security Symposium,Signal Processing (514); Computer Networks and Communications (370); Information Systems (322); Artificial Intelligence (243); Software (161),"Universidade Estadual de Campinas (UNICAMP) (26); University of California, Santa Barbara (19); EURECOM (18); Carnegie Mellon University (15); North Carolina State University (14)",Computers & Security (35); Digital Investigation (17); IEEE Access (13); IEEE Transactions on Information Forensics and Security (9); Journal of Computer Virology and Hacking Techniques (8),2.692079832782025,8.639425231987211,6.401469162253847
24,25,488,1847,719,434,0.007771737300972835,0.28020265003897116,24,0.04918032786885246,2006.9959016393443,0.007046147993501502,1.4438827855535866e-05,434,23,-0.29213476977785546,W159719520,"The art of computer systems performance analysis: techniques for experimental design, measurement, simulation, and mode...",Computer Vision and Pattern Recognition (243); Artificial Intelligence (196); Signal Processing (165); Information Systems (131); Computer Networks and Communications (75),Universidade Estadual de Campinas (UNICAMP) (24); Stanford University (12); National University of Singapore (11); Sejong University (10); Universidade Federal de Minas Gerais (9),IEEE Transactions on Circuits and Systems for Video Technology (18); Multimedia Tools and Applications (16); Journal of Visual Communication and Image Representation (12); IEEE Transactions on Multimedia (8); Communications of the ACM (7),3.4713493965683453,8.557230912473399,6.834897112052078
25,26,428,1630,121,129,0.008918995819562696,0.06910336950314107,34,0.0794392523364486,1999.5116822429907,0.006727600416427669,1.5718692561746888e-05,129,21,-0.40473660774956116,W1975433230,A Minimax Theorem for Directed Graphs,Computational Theory and Mathematics (365); Computer Networks and Communications (128); Electrical and Electronic Engineering (93); Discrete Mathematics and Combinatorics (77); Computer Graphics and Computer-Aided Design (55),Universidade Federal do Rio de Janeiro (34); Universidade Estadual de Campinas (UNICAMP) (34); National Taipei University of Business (16); University of Waterloo (16); Centre National de la Recherche Scientifique (14),Discrete Applied Mathematics (50); Discrete Mathematics (38); Journal of Combinatorial Theory Series B (26); Theoretical Computer Science (19); Journal of Graph Theory (15),3.147002240945575,7.794459726808924,5.658402947235936
26,27,376,1070,171,116,0.007588652482269503,0.1377921031426269,20,0.05319148936170213,2010.1702127659576,0.0054362119899354485,1.4458010611530448e-05,116,19,-0.4899639323034515,W2082511574,V-REP: A versatile and scalable robot simulation framework,Computer Vision and Pattern Recognition (255); Computer Graphics and Computer-Aided Design (125); Aerospace Engineering (100); Control and Systems Engineering (75); Artificial Intelligence (54),Universidade Estadual de Campinas (UNICAMP) (20); Institut national de recherche en informatique et en automatique (16); Czech Technical University in Prague (14); Stanford University (12); University of North Carolina at Chapel Hill (10),Journal of Intelligent & Robotic Systems (12); Computer Graphics Forum (11); IEEE Transactions on Robotics (10); Discrete Applied Mathematics (8); IEEE Transactions on Visualization and Computer Graphics (7),4.001119100793905,8.125122192669318,6.681748842000896
27,28,319,2030,33,71,0.020011435105774727,0.015996122152205527,20,0.06269592476489028,2011.788643533123,0.005464954826516395,1.7131519832339798e-05,71,18,-0.5296061269941695,W2112090702,Collective dynamics of ‘small-world’ networks,Computer Networks and Communications (284); Statistical and Nonlinear Physics (119); Biomedical Engineering (62); Cognitive Neuroscience (52); Molecular Biology (32),Universidade Estadual de Campinas (UNICAMP) (20); Cornell University (14); Universidade de São Paulo (13); Universitat Rovira i Virgili (11); Massachusetts Institute of Technology (10),Physical Review E (37); Physical review. E (28); Chaos An Interdisciplinary Journal of Nonlinear Science (28); Physical Review Letters (26); Physica D Nonlinear Phenomena (11),3.6916310136426347,7.810464238021567,5.6207702644772555
28,29,198,962,103,289,0.024662872378608418,0.09671361502347418,11,0.05555555555555555,2008.6649746192893,0.0031765728536085154,1.6043297240447047e-05,289,24,-0.32421005656541985,W2166698530,Statistical Analysis of Finite Mixture Distributions.,Artificial Intelligence (189); Statistics and Probability (127); Signal Processing (26); Computer Vision and Pattern Recognition (13); Molecular Biology (10),National Chung Hsing University (13); Universidade Estadual de Campinas (UNICAMP) (11); The University of Queensland (9); China Medical University (9); University of Connecticut (8),Computational Statistics & Data Analysis (22); Journal of the American Statistical Association (16); Statistics and Computing (16); Advances in Data Analysis and Classification (9); Computational Statistics (7),2.6106157361456015,7.376971447276356,5.508662127975457
29,30,191,728,21,37,0.02006062276109121,0.028037383177570093,21,0.1099476439790576,2001.4188481675392,0.003036448311556712,1.5897635139040378e-05,37,9,-0.8690901467778382,W2000983337,On sufficiency of the Kuhn-Tucker conditions,Computational Theory and Mathematics (180); Numerical Analysis (150); Control and Systems Engineering (49); Geometry and Topology (26); Computational Mechanics (23),Universidade Estadual de Campinas (UNICAMP) (21); La Trobe University (8); Universidad de Sevilla (8); Universidade Estadual Paulista (Unesp) (8); University of Würzburg (7),Journal of Optimization Theory and Applications (26); Journal of Mathematical Analysis and Applications (18); Mathematical Programming (17); Optimization (12); SIAM Journal on Optimization (10),2.9389738999540955,6.904186774761087,4.965282996096512
30,31,174,938,182,89,0.03116072021792572,0.1625,9,0.05172413793103448,2007.6896551724137,0.0034691325100671146,1.9937543161305256e-05,89,15,-0.6531339436682825,W2058389820,"Two-Dimensional, Model-Based, Boundary Matching Using Footprints","Computer Vision and Pattern Recognition (128); Space and Planetary Science (63); Geology (56); Artificial Intelligence (47); Renewable Energy, Sustainability and the Environment (25)",Universidade Estadual de Campinas (UNICAMP) (9); Tel Aviv University (8); New York University (7); Courant Institute of Mathematical Sciences (7); Princeton University (7),Solar Energy (12); IEEE Transactions on Pattern Analysis and Machine Intelligence (10); Pattern Recognition Letters (6); Journal on Computing and Cultural Heritage (6); International Journal of Computer Vision (3),3.549437488202448,7.289433879109137,5.831851222869751
31,32,139,617,19,7,0.032165571890313834,0.029874213836477988,14,0.10071942446043165,2009.3956834532373,0.0018936080199650407,1.3623079280324034e-05,7,4,-1.056693993868029,W2029918260,A Multiscale Finite Element Method for Elliptic Problems in Composite Materials and Porous Media,Computational Theory and Mathematics (131); Computational Mechanics (101); Mechanics of Materials (57); Ocean Engineering (28); Environmental Engineering (15),Universidade Estadual de Campinas (UNICAMP) (14); Stanford University (13); Texas A&M University (12); The University of Texas at Austin (10); California Institute of Technology (8),Journal of Computational Physics (20); Multiscale Modeling and Simulation (12); Transport in Porous Media (7); Computer Methods in Applied Mechanics and Engineering (7); Journal of Petroleum Science and Engineering (7),2.9160833760711524,6.344686245121696,5.112803587992969
32,33,124,876,489,131,0.057435090479937057,0.35824175824175825,6,0.04838709677419355,2014.2983870967741,0.001603703296348923,1.2933091099588088e-05,131,16,-0.6360236313560214,W2131673214,Detecting and reading text in natural scenes,Computer Vision and Pattern Recognition (117); Media Technology (49); Artificial Intelligence (20); Computer Networks and Communications (6); Information Systems (4),Huazhong University of Science and Technology (12); University of Malaya (11); Nanjing University (10); Chinese Academy of Sciences (9); University of Science and Technology of China (6),Pattern Recognition (16); IEEE Transactions on Image Processing (12); Proceedings of the AAAI Conference on Artificial Intelligence (5); International Journal on Document Analysis and Recognition (IJDAR) (4); IEEE Transactions on Intelligent Transportation Systems (4),2.0649599537603867,6.946944129739902,4.584911995943618
33,34,83,271,12,21,0.03981780781663238,0.04240282685512368,7,0.08433734939759036,2006.4939759036145,0.0011725983123499755,1.4127690510240668e-05,21,1,-1.1653971764340525,W2155173483,Perspective. Analytical requirements in international geochemical mapping,Artificial Intelligence (81); Geophysics (41); Geochemistry and Petrology (19); Inorganic Chemistry (15); Radiological and Ultrasound Technology (15),The Open University (9); Universidad Nacional Autónoma de México (8); Universidade Estadual de Campinas (UNICAMP) (7); Kaneka (United States) (6); Max Planck Society (5),Geostandards and Geoanalytical Research (46); Journal of Analytical Atomic Spectrometry (4); Chemical Geology (3); Spectrochimica Acta Part B Atomic Spectroscopy (3); The Analyst (3),3.3688636626513317,6.380160393419749,3.0455392809238764
34,35,53,177,17,10,0.06422351233671988,0.08762886597938144,3,0.05660377358490566,2011.811320754717,0.0007443189549220652,1.4043753866454062e-05,10,4,-1.0701400878503904,W1994419432,Evaluation of whole slide image immunohistochemistry interpretation in challenging prostate needle biopsies,"Artificial Intelligence (51); Biophysics (19); Radiology, Nuclear Medicine and Imaging (18); Oncology (11); Computer Vision and Pattern Recognition (10)",Charité - Universitätsmedizin Berlin (9); University of Freiburg (5); University of Pittsburgh (4); University of Iowa (4); University of Pittsburgh Medical Center (3),Diagnostic Pathology (9); Archives of Pathology & Laboratory Medicine (6); Human Pathology (6); Journal of Pathology Informatics (6); PubMed (4),3.321098342864459,6.757391321442573,4.047568567280905
35,36,39,72,28,14,0.048582995951417005,0.28,6,0.15384615384615385,2011.3333333333333,0.0005055626688858713,1.2963145356047981e-05,14,4,-1.072481293808486,W2139670260,A survey of glove-based input,Human-Computer Interaction (28); Computer Vision and Pattern Recognition (17); Cognitive Neuroscience (15); Biomedical Engineering (10); Control and Systems Engineering (9),Universidade Estadual de Campinas (UNICAMP) (6); Nanyang Technological University (3); University of Victoria (3); University of Aizu (2); Yonsei University (2),Expert Systems with Applications (2); IEEE Sensors Journal (2); IEEE Computer Graphics and Applications (2); The Journal of the Abraham Lincoln Association (2); Zenodo (CERN European Organization for Nuclear Research) (2),2.975528503615012,5.289148671903071,4.513153408920675
36,37,15,23,0,1,0.10952380952380952,0.0,2,0.13333333333333333,2014.8666666666666,0.00017609215443032558,1.1739476962021704e-05,1,1,-1.1800818911737903,W2080997886,"Smart Phones, a Powerful Tool in the Chemistry Classroom",Information Systems (11); General Health Professions (3); Computer Science Applications (3); Developmental and Educational Psychology (3); Computer Vision and Pattern Recognition (3),Universidade Estadual de Campinas (UNICAMP) (2); SUNY Oneonta (1); University of Arizona (1); National Taiwan University of Science and Technology (1); University of Guelph (1),Journal of Chemical Education (8); Journal of Biological Education (2); Biochemistry and Molecular Biology Education (1); ACS Chemical Biology (1); Journal of Computer Assisted Learning (1),3.5588236949893783,4.563856189774725,1.950212064914747
37,38,11,18,1,2,0.16363636363636364,0.05263157894736842,1,0.09090909090909091,1999.909090909091,0.00012180544514219748,1.1073222285654316e-05,2,1,-1.1806020996764357,W2100428676,Electronic speckle photography: analysis of an algorithm giving the displacement with subpixel accuracy,"Computer Vision and Pattern Recognition (11); Computational Mechanics (7); Mechanics of Materials (4); Atomic and Molecular Physics, and Optics (3); Mechanical Engineering (3)",Luleå University of Technology (4); Cranfield University (1); University of Stuttgart (1); École Polytechnique Fédérale de Lausanne (1); University of Münster (1),Applied Optics (4); Optics Communications (3); Optical Engineering (2); Journal of Modern Optics (1); Medical Entomology and Zoology (1),2.7045454143966223,3.2359263506290326,2.1180782093497093
